<?xml version="1.0" encoding="UTF-8"?>
<project-private xmlns="http://www.netbeans.org/ns/project-private/1">
    <editor-bookmarks xmlns="http://www.netbeans.org/ns/editor-bookmarks/2" lastBookmarkId="0"/>
    <open-files xmlns="http://www.netbeans.org/ns/projectui-open-files/2">
        <group>
            <file>file:/C:/wamp64/www/MedicalRecordsDirectory/register.php</file>
            <file>file:/C:/wamp64/www/MedicalRecordsDirectory/approveApplication.php</file>
            <file>file:/C:/wamp64/www/MedicalRecordsDirectory/userRegisterRequest.php</file>
            <file>file:/C:/wamp64/www/MedicalRecordsDirectory/register.html</file>
            <file>file:/C:/wamp64/www/MedicalRecordsDirectory/registrationApproval.php</file>
        </group>
    </open-files>
</project-private>
